dataset,ACC
ARAB,0.9154545454545454
AUS,0.7354385964912281
